{
  "center": [
    19.3295,
    -99.11211
  ],
  "zoom": 17.35,
  "maxZoom": 21,
  "overlay": {
    "enabled": true,
    "imageUrl": "/esime_map.png",
    "bounds": [
      [
        19.32829453694861,
        -99.11343812942506
      ],
      [
        19.332774404498718,
        -99.10991907119751
      ]
    ],
    "opacity": 1,
    "rotation": 2.5
  }
}